{
	"id": "nodebb-plugin-testokenzo",
	"url": "https://github.com/NodeBB/nodebb-plugin-testokenzo",
	"library": "./library.js",
	"hooks": [
		{
			"hook": "static:app.load", "method": "init"
		},
		{
			"hook": "static:api.routes", "method": "addRoutes"
		},
		{
			"hook": "filter:admin.header.build", "method": "addAdminNavigation"
		}
	],
	"staticDirs": {
		"static": "./static"
	},
	"less": [
		"static/style.less"
	],
	"scripts": [
		"static/lib/main.js"
	],
	"acpScripts": [
		"static/lib/admin.js"
	],
	"templates": "static/templates"
}